James		Smith		S.		"'James S.',"																																																			
John		Johnson		J.		"'John J.',"																																																			
Robert		Williams		W.		"'Robert W.',"																																																			
Michael		Brown		B.		"'Michael B.',"		"'James S.',"	"'John J.',"	"'Robert W.',"	"'Michael B.',"	"'William J.',"	"'David M.',"	"'Richard D.',"	"'Joseph G.',"	"'Thomas R.',"	"'Charles W.',"	"'Christopher M.',"	"'Daniel A.',"	"'Matthew T.',"	"'Anthony T.',"	"'Donald H.',"	"'Mark M.',"	"'Paul M.',"	"'Steven J.',"	"'Andrew T.',"	"'Kenneth W.',"	"'Joshua L.',"	"'George L.',"	"'Kevin G.',"	"'Brian H.',"	"'Edward C.',"	"'Mary L.',"	"'Patricia R.',"	"'Jennifer W.',"	"'Linda P.',"	"'Elizabeth H.',"	"'Barbara Y.',"	"'Susan A.',"	"'Jessica S.',"	"'Sarah W.',"	"'Karen K.',"	"'Nancy S.',"	"'Margaret G.',"	"'Lisa B.',"	"'Betty A.',"	"'Dorothy N.',"	"'Sandra H.',"	"'Ashley R.',"	"'Kimberly C.',"	"'Donna M.',"	"'Emily R.',"	"'Michelle C.',"	"'Carol P.',"	"'Amanda E.',"	"'Melissa T.',"	"'Deborah T.',"
William		Jones		J.		"'William J.',"																																																			
David		Miller		M.		"'David M.',"																																																			
Richard		Davis		D.		"'Richard D.',"																																																			
Joseph		Garcia		G.		"'Joseph G.',"																																																			
Thomas		Rodriguez		R.		"'Thomas R.',"																																																			
Charles		Wilson		W.		"'Charles W.',"																																																			
Christopher		Martinez		M.		"'Christopher M.',"																																																			
Daniel		Anderson		A.		"'Daniel A.',"																																																			
Matthew		Taylor		T.		"'Matthew T.',"																																																			
Anthony		Thomas		T.		"'Anthony T.',"																																																			
Donald		Hernandez		H.		"'Donald H.',"																																																			
Mark		Moore		M.		"'Mark M.',"																																																			
Paul		Martin		M.		"'Paul M.',"																																																			
Steven		Jackson		J.		"'Steven J.',"																																																			
Andrew		Thompson		T.		"'Andrew T.',"																																																			
Kenneth		White		W.		"'Kenneth W.',"																																																			
Joshua		Lopez		L.		"'Joshua L.',"																																																			
George		Lee		L.		"'George L.',"																																																			
Kevin		Gonzalez		G.		"'Kevin G.',"																																																			
Brian		Harris		H.		"'Brian H.',"																																																			
Edward		Clark		C.		"'Edward C.',"																																																			
Mary		Lewis		L.		"'Mary L.',"																																																			
Patricia		Robinson		R.		"'Patricia R.',"																																																			
Jennifer		Walker		W.		"'Jennifer W.',"																																																			
Linda		Perez		P.		"'Linda P.',"																																																			
Elizabeth		Hall		H.		"'Elizabeth H.',"																																																			
Barbara		Young		Y.		"'Barbara Y.',"																																																			
Susan		Allen		A.		"'Susan A.',"																																																			
Jessica		Sanchez		S.		"'Jessica S.',"																																																			
Sarah		Wright		W.		"'Sarah W.',"																																																			
Karen		King		K.		"'Karen K.',"																																																			
Nancy		Scott		S.		"'Nancy S.',"																																																			
Margaret		Green		G.		"'Margaret G.',"																																																			
Lisa		Baker		B.		"'Lisa B.',"																																																			
Betty		Adams		A.		"'Betty A.',"																																																			
Dorothy		Nelson		N.		"'Dorothy N.',"																																																			
Sandra		Hill		H.		"'Sandra H.',"																																																			
Ashley		Ramirez		R.		"'Ashley R.',"																																																			
Kimberly		Campbell		C.		"'Kimberly C.',"																																																			
Donna		Mitchell		M.		"'Donna M.',"																																																			
Emily		Roberts		R.		"'Emily R.',"																																																			
Michelle		Carter		C.		"'Michelle C.',"																																																			
Carol		Phillips		P.		"'Carol P.',"																																																			
Amanda		Evans		E.		"'Amanda E.',"																																																			
Melissa		Turner		T.		"'Melissa T.',"																																																			
Deborah		Torres		T.		"'Deborah T.',"																																																			
