Alexander,,Müller,,,"'Alexander Müller',",,,,,,,,,,,,,,,,,,,,,,,,,,,,,,,,,,,,,,,,,,,,,,,,,,,,
Andreas,,Schmidt,,,"'Andreas Schmidt',",,,,,,,,,,,,,,,,,,,,,,,,,,,,,,,,,,,,,,,,,,,,,,,,,,,,
Christian,,Schneider,,,"'Christian Schneider',",,,,,,,,,,,,,,,,,,,,,,,,,,,,,,,,,,,,,,,,,,,,,,,,,,,,
Daniel,,Fischer,,,"'Daniel Fischer',",,,,,,,,,,,,,,,,,,,,,,,,,,,,,,,,,,,,,,,,,,,,,,,,,,,,
Dennis,,Weber,,,"'Dennis Weber',",,,,,,,,,,,,,,,,,,,,,,,,,,,,,,,,,,,,,,,,,,,,,,,,,,,,
Dieter,,Meyer,,,"'Dieter Meyer',",,,,,,,,,,,,,,,,,,,,,,,,,,,,,,,,,,,,,,,,,,,,,,,,,,,,
Ernst,,Wagner,,,"'Ernst Wagner',",,,"'Alexander Müller',","'Andreas Schmidt',","'Christian Schneider',","'Daniel Fischer',","'Dennis Weber',","'Dieter Meyer',","'Ernst Wagner',","'Frank Becker',","'Fritz Schulz',","'Hermann Hoffmann',","'Jörg Schäfer',","'Kurt Koch',","'Manfred Bauer',","'Martin Richter',","'Otto Klein',","'Paul Wolf',","'Sebastian Schröder',","'Wolfgang Neumann',","'Friedrich Schwarz',","'Andrea Zimmermann',","'Angelika Braun',","'Anja Krüger',","'Christa Hofmann',","'Elke Hartmann',","'Hanna Lange',","'Erika Schmitt',","'Gabriele Werner',","'Gisela Schmitz',","'Ilse Krause',","'Ingrid Meier',","'Karin Lehmann',","'Katrin Schmid',","'Marie Schulze',","'Martina Maier',","'Monika Köhler',","'Melanie Herrmann',","'Nadine König',","'Nicole Walter',","'Petra Mayer',","'Sabine Huber',","'Sabrina Kaiser',","'Sandra Fuchs',","'Stefanie Peters',","'Susanne Lang',","'Maximilian Scholz',","'Felix Möller',","'Jonas Weiß',","'Moritz Jung',","'Klara Hahn',","'Lilly Schubert',"
Frank,,Becker,,,"'Frank Becker',",,,,,,,,,,,,,,,,,,,,,,,,,,,,,,,,,,,,,,,,,,,,,,,,,,,,
Fritz,,Schulz,,,"'Fritz Schulz',",,,,,,,,,,,,,,,,,,,,,,,,,,,,,,,,,,,,,,,,,,,,,,,,,,,,
Hermann,,Hoffmann,,,"'Hermann Hoffmann',",,,,,,,,,,,,,,,,,,,,,,,,,,,,,,,,,,,,,,,,,,,,,,,,,,,,
Jörg,,Schäfer,,,"'Jörg Schäfer',",,,,,,,,,,,,,,,,,,,,,,,,,,,,,,,,,,,,,,,,,,,,,,,,,,,,
Kurt,,Koch,,,"'Kurt Koch',",,,,,,,,,,,,,,,,,,,,,,,,,,,,,,,,,,,,,,,,,,,,,,,,,,,,
Manfred,,Bauer,,,"'Manfred Bauer',",,,,,,,,,,,,,,,,,,,,,,,,,,,,,,,,,,,,,,,,,,,,,,,,,,,,
Martin,,Richter,,,"'Martin Richter',",,,,,,,,,,,,,,,,,,,,,,,,,,,,,,,,,,,,,,,,,,,,,,,,,,,,
Otto,,Klein,,,"'Otto Klein',",,,,,,,,,,,,,,,,,,,,,,,,,,,,,,,,,,,,,,,,,,,,,,,,,,,,
Paul,,Wolf,,,"'Paul Wolf',",,,,,,,,,,,,,,,,,,,,,,,,,,,,,,,,,,,,,,,,,,,,,,,,,,,,
Sebastian,,Schröder,,,"'Sebastian Schröder',",,,,,,,,,,,,,,,,,,,,,,,,,,,,,,,,,,,,,,,,,,,,,,,,,,,,
Wolfgang,,Neumann,,,"'Wolfgang Neumann',",,,,,,,,,,,,,,,,,,,,,,,,,,,,,,,,,,,,,,,,,,,,,,,,,,,,
Friedrich,,Schwarz,,,"'Friedrich Schwarz',",,,,,,,,,,,,,,,,,,,,,,,,,,,,,,,,,,,,,,,,,,,,,,,,,,,,
Andrea,,Zimmermann,,,"'Andrea Zimmermann',",,,,,,,,,,,,,,,,,,,,,,,,,,,,,,,,,,,,,,,,,,,,,,,,,,,,
Angelika,,Braun,,,"'Angelika Braun',",,,,,,,,,,,,,,,,,,,,,,,,,,,,,,,,,,,,,,,,,,,,,,,,,,,,
Anja,,Krüger,,,"'Anja Krüger',",,,,,,,,,,,,,,,,,,,,,,,,,,,,,,,,,,,,,,,,,,,,,,,,,,,,
Christa,,Hofmann,,,"'Christa Hofmann',",,,,,,,,,,,,,,,,,,,,,,,,,,,,,,,,,,,,,,,,,,,,,,,,,,,,
Elke,,Hartmann,,,"'Elke Hartmann',",,,,,,,,,,,,,,,,,,,,,,,,,,,,,,,,,,,,,,,,,,,,,,,,,,,,
Hanna,,Lange,,,"'Hanna Lange',",,,,,,,,,,,,,,,,,,,,,,,,,,,,,,,,,,,,,,,,,,,,,,,,,,,,
Erika,,Schmitt,,,"'Erika Schmitt',",,,,,,,,,,,,,,,,,,,,,,,,,,,,,,,,,,,,,,,,,,,,,,,,,,,,
Gabriele,,Werner,,,"'Gabriele Werner',",,,,,,,,,,,,,,,,,,,,,,,,,,,,,,,,,,,,,,,,,,,,,,,,,,,,
Gisela,,Schmitz,,,"'Gisela Schmitz',",,,,,,,,,,,,,,,,,,,,,,,,,,,,,,,,,,,,,,,,,,,,,,,,,,,,
Ilse,,Krause,,,"'Ilse Krause',",,,,,,,,,,,,,,,,,,,,,,,,,,,,,,,,,,,,,,,,,,,,,,,,,,,,
Ingrid,,Meier,,,"'Ingrid Meier',",,,,,,,,,,,,,,,,,,,,,,,,,,,,,,,,,,,,,,,,,,,,,,,,,,,,
Karin,,Lehmann,,,"'Karin Lehmann',",,,,,,,,,,,,,,,,,,,,,,,,,,,,,,,,,,,,,,,,,,,,,,,,,,,,
Katrin,,Schmid,,,"'Katrin Schmid',",,,,,,,,,,,,,,,,,,,,,,,,,,,,,,,,,,,,,,,,,,,,,,,,,,,,
Marie,,Schulze,,,"'Marie Schulze',",,,,,,,,,,,,,,,,,,,,,,,,,,,,,,,,,,,,,,,,,,,,,,,,,,,,
Martina,,Maier,,,"'Martina Maier',",,,,,,,,,,,,,,,,,,,,,,,,,,,,,,,,,,,,,,,,,,,,,,,,,,,,
Monika,,Köhler,,,"'Monika Köhler',",,,,,,,,,,,,,,,,,,,,,,,,,,,,,,,,,,,,,,,,,,,,,,,,,,,,
Melanie,,Herrmann,,,"'Melanie Herrmann',",,,,,,,,,,,,,,,,,,,,,,,,,,,,,,,,,,,,,,,,,,,,,,,,,,,,
Nadine,,König,,,"'Nadine König',",,,,,,,,,,,,,,,,,,,,,,,,,,,,,,,,,,,,,,,,,,,,,,,,,,,,
Nicole,,Walter,,,"'Nicole Walter',",,,,,,,,,,,,,,,,,,,,,,,,,,,,,,,,,,,,,,,,,,,,,,,,,,,,
Petra,,Mayer,,,"'Petra Mayer',",,,,,,,,,,,,,,,,,,,,,,,,,,,,,,,,,,,,,,,,,,,,,,,,,,,,
Sabine,,Huber,,,"'Sabine Huber',",,,,,,,,,,,,,,,,,,,,,,,,,,,,,,,,,,,,,,,,,,,,,,,,,,,,
Sabrina,,Kaiser,,,"'Sabrina Kaiser',",,,,,,,,,,,,,,,,,,,,,,,,,,,,,,,,,,,,,,,,,,,,,,,,,,,,
Sandra,,Fuchs,,,"'Sandra Fuchs',",,,,,,,,,,,,,,,,,,,,,,,,,,,,,,,,,,,,,,,,,,,,,,,,,,,,
Stefanie,,Peters,,,"'Stefanie Peters',",,,,,,,,,,,,,,,,,,,,,,,,,,,,,,,,,,,,,,,,,,,,,,,,,,,,
Susanne,,Lang,,,"'Susanne Lang',",,,,,,,,,,,,,,,,,,,,,,,,,,,,,,,,,,,,,,,,,,,,,,,,,,,,
Maximilian,,Scholz,,,"'Maximilian Scholz',",,,,,,,,,,,,,,,,,,,,,,,,,,,,,,,,,,,,,,,,,,,,,,,,,,,,
Felix,,Möller,,,"'Felix Möller',",,,,,,,,,,,,,,,,,,,,,,,,,,,,,,,,,,,,,,,,,,,,,,,,,,,,
Jonas,,Weiß,,,"'Jonas Weiß',",,,,,,,,,,,,,,,,,,,,,,,,,,,,,,,,,,,,,,,,,,,,,,,,,,,,
Moritz,,Jung,,,"'Moritz Jung',",,,,,,,,,,,,,,,,,,,,,,,,,,,,,,,,,,,,,,,,,,,,,,,,,,,,
Klara,,Hahn,,,"'Klara Hahn',",,,,,,,,,,,,,,,,,,,,,,,,,,,,,,,,,,,,,,,,,,,,,,,,,,,,
Lilly,,Schubert,,,"'Lilly Schubert',",,,,,,,,,,,,,,,,,,,,,,,,,,,,,,,,,,,,,,,,,,,,,,,,,,,,
